storefront_id,url,username,discovery_source,discovered_at
teresalaucar,https://www.amazon.com/shop/teresalaucar,teresalaucar,curated_list,2026-01-19T19:48:54.776Z
theparentgame,https://www.amazon.com/shop/theparentgame,theparentgame,curated_list,2026-01-19T19:48:54.777Z
essiegolden,https://www.amazon.com/shop/essiegolden,essiegolden,curated_list,2026-01-19T19:48:54.777Z
michellelei,https://www.amazon.com/shop/michellelei,michellelei,curated_list,2026-01-19T19:48:54.777Z
tonytechbytes,https://www.amazon.com/shop/tonytechbytes,tonytechbytes,curated_list,2026-01-19T19:48:54.777Z
interiordesignerella,https://www.amazon.com/shop/interiordesignerella,interiordesignerella,curated_list,2026-01-19T19:48:54.777Z
influencer-b3439b52,https://www.amazon.com/shop/influencer-b3439b52,influencer-b3439b52,curated_list,2026-01-19T19:48:54.777Z
tkwhisperer,https://www.amazon.com/shop/tkwhisperer,tkwhisperer,curated_list,2026-01-19T19:48:54.777Z
ourhome,https://www.amazon.com/shop/ourhome,ourhome,curated_list,2026-01-19T19:48:54.777Z
influencer-ad78d6b3,https://www.amazon.com/shop/influencer-ad78d6b3,influencer-ad78d6b3,curated_list,2026-01-19T19:49:15.306Z
jamyecakes29,https://www.amazon.com/shop/jamyecakes29,jamyecakes29,curated_list,2026-01-19T19:49:15.306Z
jalissa_queen,https://www.amazon.com/shop/jalissa_queen,jalissa_queen,curated_list,2026-01-19T19:49:15.306Z
nicoles_lounge,https://www.amazon.com/shop/nicoles_lounge,nicoles_lounge,curated_list,2026-01-19T19:49:15.306Z
brennen,https://www.amazon.com/shop/brennen,brennen,curated_list,2026-01-19T19:49:15.306Z
trailrecon,https://www.amazon.com/shop/trailrecon,trailrecon,curated_list,2026-01-19T19:49:15.306Z
momables,https://www.amazon.com/shop/momables,momables,curated_list,2026-01-19T19:49:15.306Z
feliciaday,https://www.amazon.com/shop/feliciaday,feliciaday,curated_list,2026-01-19T19:49:15.306Z
whatsupmoms,https://www.amazon.com/shop/whatsupmoms,whatsupmoms,curated_list,2026-01-19T19:49:15.306Z
justinlmft,https://www.amazon.com/shop/justinlmft,justinlmft,curated_list,2026-01-19T19:49:15.306Z
makoccino,https://www.amazon.com/shop/makoccino,makoccino,curated_list,2026-01-19T19:49:15.306Z
influencer-9e6f056e,https://www.amazon.com/shop/influencer-9e6f056e,influencer-9e6f056e,curated_list,2026-01-19T19:49:15.306Z
overtimegarage,https://www.amazon.com/shop/overtimegarage,overtimegarage,curated_list,2026-01-19T19:49:15.306Z
tbonestech,https://www.amazon.com/shop/tbonestech,tbonestech,curated_list,2026-01-19T19:49:15.306Z
alliephunter,https://www.amazon.com/shop/alliephunter,alliephunter,curated_list,2026-01-19T19:49:26.093Z
hellomrshubbard,https://www.amazon.com/shop/hellomrshubbard,hellomrshubbard,curated_list,2026-01-19T19:49:26.093Z
julie,https://www.amazon.com/shop/julie,julie,curated_list,2026-01-19T19:49:26.093Z
trevinpeterson,https://www.amazon.com/shop/trevinpeterson,trevinpeterson,curated_list,2026-01-19T19:49:26.093Z
brittany1wilson,https://www.amazon.com/shop/brittany1wilson,brittany1wilson,curated_list,2026-01-19T19:49:26.093Z
decor,https://www.amazon.com/shop/decor,decor,curated_list,2026-01-19T19:49:26.093Z
kristintaenzer,https://www.amazon.com/shop/kristintaenzer,kristintaenzer,curated_list,2026-01-19T19:49:26.093Z
everythingjustbaked,https://www.amazon.com/shop/everythingjustbaked,everythingjustbaked,curated_list,2026-01-19T19:49:26.093Z
alix_earle,https://www.amazon.com/shop/alix_earle,alix_earle,curated_list,2026-01-19T19:49:42.674Z
influencer-51db6fba,https://www.amazon.com/shop/influencer-51db6fba,influencer-51db6fba,curated_list,2026-01-19T19:49:42.674Z
rockybarnes,https://www.amazon.com/shop/rockybarnes,rockybarnes,curated_list,2026-01-19T19:49:42.674Z
julianna_claire,https://www.amazon.com/shop/julianna_claire,julianna_claire,curated_list,2026-01-19T19:49:42.674Z
thesweetimpact,https://www.amazon.com/shop/thesweetimpact,thesweetimpact,curated_list,2026-01-19T19:49:42.674Z
everything,https://www.amazon.com/shop/everything,everything,curated_list,2026-01-19T19:49:42.674Z
stuffyouactuallyneed,https://www.amazon.com/shop/stuffyouactuallyneed,stuffyouactuallyneed,curated_list,2026-01-19T19:49:42.674Z
tanyahomeinspo,https://www.amazon.com/shop/tanyahomeinspo,tanyahomeinspo,curated_list,2026-01-19T19:49:42.674Z
the_broadmoor_house,https://www.amazon.com/shop/the_broadmoor_house,the_broadmoor_house,curated_list,2026-01-19T19:49:42.674Z
sweetsavingsandthings,https://www.amazon.com/shop/sweetsavingsandthings,sweetsavingsandthings,curated_list,2026-01-19T19:49:42.674Z
ourwintonhome,https://www.amazon.com/shop/ourwintonhome,ourwintonhome,curated_list,2026-01-19T19:49:42.674Z
indybelledance,https://www.amazon.com/shop/indybelledance,indybelledance,curated_list,2026-01-19T19:49:42.674Z
stayfitmom,https://www.amazon.com/shop/stayfitmom,stayfitmom,curated_list,2026-01-19T19:49:42.674Z
carolinegirvan,https://www.amazon.com/shop/carolinegirvan,carolinegirvan,curated_list,2026-01-19T19:49:42.674Z
sydneycummings,https://www.amazon.com/shop/sydneycummings,sydneycummings,curated_list,2026-01-19T19:49:42.674Z
heatherrobertson,https://www.amazon.com/shop/heatherrobertson,heatherrobertson,curated_list,2026-01-19T19:49:42.674Z
influencer-032cc022,https://www.amazon.com/shop/influencer-032cc022,influencer-032cc022,curated_list,2026-01-19T19:49:42.674Z
feedinglittles,https://www.amazon.com/shop/feedinglittles,feedinglittles,curated_list,2026-01-19T19:49:42.674Z
yummytoddlerfood,https://www.amazon.com/shop/yummytoddlerfood,yummytoddlerfood,curated_list,2026-01-19T19:49:42.674Z
kidfriendlymeals,https://www.amazon.com/shop/kidfriendlymeals,kidfriendlymeals,curated_list,2026-01-19T19:49:42.674Z
raisingwellkids,https://www.amazon.com/shop/raisingwellkids,raisingwellkids,curated_list,2026-01-19T19:49:42.674Z
mommy,https://www.amazon.com/shop/mommy,mommy,curated_list,2026-01-19T19:49:42.674Z
arinsolange,https://www.amazon.com/shop/arinsolange,arinsolange,curated_list,2026-01-19T19:49:42.674Z
ironmom40,https://www.amazon.com/shop/ironmom40,ironmom40,curated_list,2026-01-19T19:49:42.674Z
everyday,https://www.amazon.com/shop/everyday,everyday,curated_list,2026-01-19T19:49:42.674Z
tracysteen,https://www.amazon.com/shop/tracysteen,tracysteen,curated_list,2026-01-19T19:49:42.674Z
nellytoledo,https://www.amazon.com/shop/nellytoledo,nellytoledo,curated_list,2026-01-19T19:49:42.674Z
rachelparcell,https://www.amazon.com/shop/rachelparcell,rachelparcell,curated_list,2026-01-19T19:49:42.674Z
rachparcell,https://www.amazon.com/shop/rachparcell,rachparcell,curated_list,2026-01-19T19:49:42.674Z
toponlinefinds,https://www.amazon.com/shop/toponlinefinds,toponlinefinds,curated_list,2026-01-19T19:49:42.674Z
themarklandhome,https://www.amazon.com/shop/themarklandhome,themarklandhome,curated_list,2026-01-19T19:49:42.674Z
our_home_style_,https://www.amazon.com/shop/our_home_style_,our_home_style_,curated_list,2026-01-19T19:49:42.674Z
project_34_selfbuild,https://www.amazon.co.uk/shop/project_34_selfbuild,project_34_selfbuild,curated_list,2026-01-19T19:49:42.674Z
maryamishtiaq,https://www.amazon.com/shop/maryamishtiaq,maryamishtiaq,curated_list,2026-01-19T19:49:42.674Z
meimonstaa,https://www.amazon.com/shop/meimonstaa,meimonstaa,curated_list,2026-01-19T19:49:42.674Z
thesommerhome,https://www.amazon.com/shop/thesommerhome,thesommerhome,curated_list,2026-01-19T19:49:42.674Z
courtneyvike,https://www.amazon.ca/shop/courtneyvike,courtneyvike,curated_list,2026-01-19T19:49:42.674Z
trishahershberger,https://www.amazon.com/shop/trishahershberger,trishahershberger,curated_list,2026-01-19T19:49:42.674Z
hellojennawood,https://www.amazon.com/shop/hellojennawood,hellojennawood,curated_list,2026-01-19T19:49:42.674Z
leticiamariegardner,https://www.amazon.com/shop/leticiamariegardner,leticiamariegardner,curated_list,2026-01-19T19:50:02.407Z
hollandsmithstyling,https://www.amazon.com/shop/hollandsmithstyling,hollandsmithstyling,curated_list,2026-01-19T19:50:02.407Z
theohiogirljaz,https://www.amazon.com/shop/theohiogirljaz,theohiogirljaz,curated_list,2026-01-19T19:50:02.407Z
kickinitwithkoree,https://www.amazon.com/shop/kickinitwithkoree,kickinitwithkoree,curated_list,2026-01-19T19:50:02.407Z
influencer-15bb6d66,https://www.amazon.com/shop/influencer-15bb6d66,influencer-15bb6d66,curated_list,2026-01-19T19:50:02.407Z
aspynovard,https://www.amazon.com/shop/aspynovard,aspynovard,curated_list,2026-01-19T19:50:31.621Z
heidisnipes,https://www.amazon.com/shop/heidisnipes,heidisnipes,curated_list,2026-01-19T19:50:31.621Z
homesweetpink,https://www.amazon.com/shop/homesweetpink,homesweetpink,curated_list,2026-01-19T19:50:31.621Z
tiffanyallison7,https://www.amazon.com/shop/tiffanyallison7,tiffanyallison7,curated_list,2026-01-19T19:50:31.621Z
thebargainsisters,https://www.amazon.com/shop/thebargainsisters,thebargainsisters,curated_list,2026-01-19T19:50:31.621Z
clickandlove,https://www.amazon.com/shop/clickandlove,clickandlove,curated_list,2026-01-19T19:50:31.621Z
kristen,https://www.amazon.com/shop/kristen,kristen,curated_list,2026-01-19T19:50:31.621Z
balkanina,https://www.amazon.com/shop/balkanina,balkanina,curated_list,2026-01-19T19:50:31.621Z
tourdelust,https://www.amazon.com/shop/tourdelust,tourdelust,curated_list,2026-01-19T19:50:31.621Z
kirasfashionfinds,https://www.amazon.com/shop/kirasfashionfinds,kirasfashionfinds,curated_list,2026-01-19T19:50:31.621Z
shopdandy,https://www.amazon.com/shop/shopdandy,shopdandy,curated_list,2026-01-19T19:50:31.621Z
livinstyleinsta,https://www.amazon.com/shop/livinstyleinsta,livinstyleinsta,curated_list,2026-01-19T19:50:31.621Z
mikaylavallati,https://www.amazon.com/shop/mikaylavallati,mikaylavallati,curated_list,2026-01-19T19:50:31.621Z
xojalonda,https://www.amazon.com/shop/xojalonda,xojalonda,curated_list,2026-01-19T19:50:31.621Z
playroominspo,https://www.amazon.com/shop/playroominspo,playroominspo,curated_list,2026-01-19T19:50:31.621Z
just,https://www.amazon.com/shop/just,just,curated_list,2026-01-19T19:50:31.621Z
thedealparty,https://www.amazon.com/shop/thedealparty,thedealparty,curated_list,2026-01-19T19:50:31.621Z
frankietavares,https://www.amazon.com/shop/frankietavares,frankietavares,curated_list,2026-01-19T19:50:31.621Z
influencer-cb2630cb,https://www.amazon.com/shop/influencer-cb2630cb,influencer-cb2630cb,curated_list,2026-01-19T19:50:31.621Z
kortneyandkarlee,https://www.amazon.com/shop/kortneyandkarlee,kortneyandkarlee,curated_list,2026-01-19T19:50:31.621Z
queencarlene,https://www.amazon.com/shop/queencarlene,queencarlene,curated_list,2026-01-19T19:50:31.621Z
passionista_soul,https://www.amazon.com/shop/passionista_soul,passionista_soul,curated_list,2026-01-19T19:50:31.621Z
shanthomas87,https://www.amazon.com/shop/shanthomas87,shanthomas87,curated_list,2026-01-19T19:50:31.621Z
somethingwhitty,https://www.amazon.com/shop/somethingwhitty,somethingwhitty,curated_list,2026-01-19T19:50:31.621Z
influencer-8300c424,https://www.amazon.com/shop/influencer-8300c424,influencer-8300c424,curated_list,2026-01-19T19:50:31.621Z
iamlonni,https://www.amazon.com/shop/iamlonni,iamlonni,curated_list,2026-01-19T19:50:31.621Z
lindsayroggenbuck,https://www.amazon.com/shop/lindsayroggenbuck,lindsayroggenbuck,curated_list,2026-01-19T19:50:31.621Z
addictedto2dayshipping,https://www.amazon.com/shop/addictedto2dayshipping,addictedto2dayshipping,curated_list,2026-01-19T19:50:31.621Z
alainanicole,https://www.amazon.com/shop/alainanicole,alainanicole,curated_list,2026-01-19T19:50:31.621Z
hauskris,https://www.amazon.com/shop/hauskris,hauskris,curated_list,2026-01-19T19:50:31.621Z
influencer-15a5b783,https://www.amazon.com/shop/influencer-15a5b783,influencer-15a5b783,curated_list,2026-01-19T19:50:31.621Z
stylekita,https://www.amazon.com/shop/stylekita,stylekita,curated_list,2026-01-19T19:50:31.621Z
influencer-c8e58155,https://www.amazon.com/shop/influencer-c8e58155,influencer-c8e58155,curated_list,2026-01-19T19:50:31.621Z
vasseurbeauty,https://www.amazon.com/shop/vasseurbeauty,vasseurbeauty,curated_list,2026-01-19T19:50:31.621Z
mollyjcurley,https://www.amazon.com/shop/mollyjcurley,mollyjcurley,curated_list,2026-01-19T19:50:31.621Z
lizthul,https://www.amazon.com/shop/lizthul,lizthul,curated_list,2026-01-19T19:50:31.621Z
whatgracebought_,https://www.amazon.com/shop/whatgracebought_,whatgracebought_,curated_list,2026-01-19T19:50:31.621Z
nitadanielle,https://www.amazon.com/shop/nitadanielle,nitadanielle,curated_list,2026-01-19T19:50:31.621Z
life,https://www.amazon.com/shop/life,life,curated_list,2026-01-19T19:50:31.621Z
dominique,https://www.amazon.ca/shop/dominique,dominique,curated_list,2026-01-19T19:50:31.621Z
homesimplycurated,https://www.amazon.com/shop/homesimplycurated,homesimplycurated,curated_list,2026-01-19T19:50:31.621Z
alyssasheill,https://www.amazon.com/shop/alyssasheill,alyssasheill,curated_list,2026-01-19T19:50:31.621Z
hollandpaterno,https://www.amazon.com/shop/hollandpaterno,hollandpaterno,curated_list,2026-01-19T19:50:31.621Z
amandareederblog,https://www.amazon.com/shop/amandareederblog,amandareederblog,curated_list,2026-01-19T19:50:31.621Z
love,https://www.amazon.com/shop/love,love,curated_list,2026-01-19T19:50:31.621Z
nana_castro,https://www.amazon.com/shop/nana_castro,nana_castro,curated_list,2026-01-19T19:50:31.621Z
firstime_mom,https://www.amazon.in/shop/firstime_mom,firstime_mom,curated_list,2026-01-19T19:50:31.621Z
davidasdiary,https://www.amazon.com/shop/davidasdiary,davidasdiary,curated_list,2026-01-19T19:50:31.621Z
maciejade,https://www.amazon.com/shop/maciejade,maciejade,curated_list,2026-01-19T19:50:31.621Z
melissameyers,https://www.amazon.com/shop/melissameyers,melissameyers,curated_list,2026-01-19T19:50:31.621Z
talesofasouthernbelle,https://www.amazon.com/shop/talesofasouthernbelle,talesofasouthernbelle,curated_list,2026-01-19T19:50:31.621Z
jordynmannino,https://www.amazon.com/shop/jordynmannino,jordynmannino,curated_list,2026-01-19T19:50:31.621Z
cyndilundeberg,https://www.amazon.com/shop/cyndilundeberg,cyndilundeberg,curated_list,2026-01-19T19:50:31.621Z
ruthuerga,https://www.amazon.es/shop/ruthuerga,ruthuerga,curated_list,2026-01-19T19:50:31.621Z
certified,https://www.amazon.com/shop/certified,certified,curated_list,2026-01-19T19:50:31.621Z
lily_glam_,https://www.amazon.com/shop/lily_glam_,lily_glam_,curated_list,2026-01-19T19:50:31.621Z
devynsimone,https://www.amazon.com/shop/devynsimone,devynsimone,curated_list,2026-01-19T19:50:31.621Z
stephaniepernas,https://www.amazon.com/shop/stephaniepernas,stephaniepernas,curated_list,2026-01-19T19:50:31.621Z
queenofsleeves_com,https://www.amazon.com/shop/queenofsleeves_com,queenofsleeves_com,curated_list,2026-01-19T19:50:31.621Z
buymechanel,https://www.amazon.com/shop/buymechanel,buymechanel,curated_list,2026-01-19T19:50:31.621Z
sonali,https://www.amazon.com/shop/sonali,sonali,curated_list,2026-01-19T19:50:31.621Z
influencer-dbaa138a,https://www.amazon.com/shop/influencer-dbaa138a,influencer-dbaa138a,curated_list,2026-01-19T19:50:31.621Z
trendymomz,https://www.amazon.com/shop/trendymomz,trendymomz,curated_list,2026-01-19T19:50:31.621Z
kyshira,https://www.amazon.com/shop/kyshira,kyshira,curated_list,2026-01-19T19:50:31.621Z
bmac,https://www.amazon.com/shop/bmac,bmac,curated_list,2026-01-19T19:50:31.621Z
houseofkalakriti,https://www.amazon.in/shop/houseofkalakriti,houseofkalakriti,curated_list,2026-01-19T19:50:31.621Z
corriellington,https://www.amazon.com/shop/corriellington,corriellington,curated_list,2026-01-19T19:50:31.621Z
stephaniepartyof5,https://www.amazon.com/shop/stephaniepartyof5,stephaniepartyof5,curated_list,2026-01-19T19:50:31.621Z
guideandgrow,https://www.amazon.com/shop/guideandgrow,guideandgrow,curated_list,2026-01-19T19:50:31.621Z
foreclosure2fab,https://www.amazon.com/shop/foreclosure2fab,foreclosure2fab,curated_list,2026-01-19T19:50:31.621Z
tatianatoomer,https://www.amazon.com/shop/tatianatoomer,tatianatoomer,curated_list,2026-01-19T19:50:31.621Z
livbyviv,https://www.amazon.com/shop/livbyviv,livbyviv,curated_list,2026-01-19T19:50:31.621Z
ayeshacurry,https://www.amazon.com/shop/ayeshacurry,ayeshacurry,curated_list,2026-01-19T19:50:44.848Z
fitmommyinheels,https://www.amazon.com/shop/fitmommyinheels,fitmommyinheels,curated_list,2026-01-19T19:50:44.848Z
tannabydesign,https://www.amazon.com/shop/tannabydesign,tannabydesign,curated_list,2026-01-19T19:50:44.848Z
everything.envy,https://www.amazon.com/shop/everything.envy,everything.envy,manual_seed,2026-01-19T19:58:31.775Z
mommy.wonders,https://www.amazon.com/shop/mommy.wonders,mommy.wonders,manual_seed,2026-01-19T19:58:31.775Z
everyday.holly,https://www.amazon.com/shop/everyday.holly,everyday.holly,manual_seed,2026-01-19T19:58:31.775Z
decor.snippets,https://www.amazon.com/shop/decor.snippets,decor.snippets,manual_seed,2026-01-19T19:58:31.775Z
julie.thedesigntwins,https://www.amazon.com/shop/julie.thedesigntwins,julie.thedesigntwins,manual_seed,2026-01-19T19:58:31.775Z
hudabeauty,https://www.amazon.com/shop/hudabeauty,hudabeauty,manual_seed,2026-01-19T19:58:31.775Z
carolinedaur,https://www.amazon.com/shop/carolinedaur,carolinedaur,manual_seed,2026-01-19T19:58:31.775Z
jennifertucker,https://www.amazon.com/shop/jennifertucker,jennifertucker,manual_seed,2026-01-19T19:58:31.775Z
jenntodryk,https://www.amazon.com/shop/jenntodryk,jenntodryk,manual_seed,2026-01-19T19:58:31.775Z
shophilosophy,https://www.amazon.com/shop/shophilosophy,shophilosophy,manual_seed,2026-01-19T19:58:31.775Z
karlierae,https://www.amazon.com/shop/karlierae,karlierae,manual_seed,2026-01-19T19:58:31.775Z
champagneandchanel,https://www.amazon.com/shop/champagneandchanel,champagneandchanel,manual_seed,2026-01-19T19:58:31.775Z
cmcoving,https://www.amazon.com/shop/cmcoving,cmcoving,manual_seed,2026-01-19T19:58:31.775Z
southernliving,https://www.amazon.com/shop/southernliving,southernliving,manual_seed,2026-01-19T19:58:31.775Z
livingwithjessieg,https://www.amazon.com/shop/livingwithjessieg,livingwithjessieg,manual_seed,2026-01-19T19:58:31.775Z
sassyredlipstick,https://www.amazon.com/shop/sassyredlipstick,sassyredlipstick,manual_seed,2026-01-19T19:58:31.775Z
alifeofsaturdays,https://www.amazon.com/shop/alifeofsaturdays,alifeofsaturdays,manual_seed,2026-01-19T19:58:31.775Z
somethingwhittymakes,https://www.amazon.com/shop/somethingwhittymakes,somethingwhittymakes,manual_seed,2026-01-19T19:58:31.775Z
naptimekitchen,https://www.amazon.com/shop/naptimekitchen,naptimekitchen,manual_seed,2026-01-19T19:58:31.775Z
thehomeedit,https://www.amazon.com/shop/thehomeedit,thehomeedit,manual_seed,2026-01-19T19:58:31.775Z
hgtv,https://www.amazon.com/shop/hgtv,hgtv,manual_seed,2026-01-19T19:58:31.775Z
juniperunscripted,https://www.amazon.com/shop/juniperunscripted,juniperunscripted,manual_seed,2026-01-19T19:58:31.775Z
thegoldenhive,https://www.amazon.com/shop/thegoldenhive,thegoldenhive,manual_seed,2026-01-19T19:58:31.775Z
chrislovesjulia,https://www.amazon.com/shop/chrislovesjulia,chrislovesjulia,manual_seed,2026-01-19T19:58:31.775Z
almafied,https://www.amazon.com/shop/almafied,almafied,manual_seed,2026-01-19T19:58:31.775Z
erinlauray,https://www.amazon.com/shop/erinlauray,erinlauray,manual_seed,2026-01-19T19:58:31.775Z
myhousefromscrap,https://www.amazon.com/shop/myhousefromscrap,myhousefromscrap,manual_seed,2026-01-19T19:58:31.775Z
chelseabirdd,https://www.amazon.com/shop/chelseabirdd,chelseabirdd,manual_seed,2026-01-19T19:58:31.775Z
simplyloveforyou,https://www.amazon.com/shop/simplyloveforyou,simplyloveforyou,manual_seed,2026-01-19T19:58:31.775Z
lifeathome,https://www.amazon.com/shop/lifeathome,lifeathome,manual_seed,2026-01-19T19:58:31.775Z
thelovelylifeofelsie,https://www.amazon.com/shop/thelovelylifeofelsie,thelovelylifeofelsie,manual_seed,2026-01-19T19:58:31.775Z
elskerblog,https://www.amazon.com/shop/elskerblog,elskerblog,manual_seed,2026-01-19T19:58:31.775Z
athomewithnikki,https://www.amazon.com/shop/athomewithnikki,athomewithnikki,manual_seed,2026-01-19T19:58:31.775Z
livinginyellow,https://www.amazon.com/shop/livinginyellow,livinginyellow,manual_seed,2026-01-19T19:58:31.775Z
styledsnapshots,https://www.amazon.com/shop/styledsnapshots,styledsnapshots,manual_seed,2026-01-19T19:58:31.775Z
sincerelyjules,https://www.amazon.com/shop/sincerelyjules,sincerelyjules,manual_seed,2026-01-19T19:58:31.775Z
blankitinerary,https://www.amazon.com/shop/blankitinerary,blankitinerary,manual_seed,2026-01-19T19:58:31.775Z
collagevintage,https://www.amazon.com/shop/collagevintage,collagevintage,manual_seed,2026-01-19T19:58:31.775Z
songofstyle,https://www.amazon.com/shop/songofstyle,songofstyle,manual_seed,2026-01-19T19:58:31.775Z
manrepeller,https://www.amazon.com/shop/manrepeller,manrepeller,manual_seed,2026-01-19T19:58:31.775Z
leandramedine,https://www.amazon.com/shop/leandramedine,leandramedine,manual_seed,2026-01-19T19:58:31.775Z
graceateee,https://www.amazon.com/shop/graceateee,graceateee,manual_seed,2026-01-19T19:58:31.775Z
thefashionguitar,https://www.amazon.com/shop/thefashionguitar,thefashionguitar,manual_seed,2026-01-19T19:58:31.775Z
weworewhat,https://www.amazon.com/shop/weworewhat,weworewhat,manual_seed,2026-01-19T19:58:31.775Z
rumineely,https://www.amazon.com/shop/rumineely,rumineely,manual_seed,2026-01-19T19:58:31.775Z
jackieaina,https://www.amazon.com/shop/jackieaina,jackieaina,manual_seed,2026-01-19T19:58:31.775Z
desiperkins,https://www.amazon.com/shop/desiperkins,desiperkins,manual_seed,2026-01-19T19:58:31.775Z
patrickstarrr,https://www.amazon.com/shop/patrickstarrr,patrickstarrr,manual_seed,2026-01-19T19:58:31.775Z
mannymua733,https://www.amazon.com/shop/mannymua733,mannymua733,manual_seed,2026-01-19T19:58:31.775Z
nikkietutorials,https://www.amazon.com/shop/nikkietutorials,nikkietutorials,manual_seed,2026-01-19T19:58:31.775Z
bretmanrock,https://www.amazon.com/shop/bretmanrock,bretmanrock,manual_seed,2026-01-19T19:58:31.775Z
jamescharles,https://www.amazon.com/shop/jamescharles,jamescharles,manual_seed,2026-01-19T19:58:31.775Z
jeffreestar,https://www.amazon.com/shop/jeffreestar,jeffreestar,manual_seed,2026-01-19T19:58:31.775Z
tatibaby,https://www.amazon.com/shop/tatibaby,tatibaby,manual_seed,2026-01-19T19:58:31.775Z
kyliecosmetics,https://www.amazon.com/shop/kyliecosmetics,kyliecosmetics,manual_seed,2026-01-19T19:58:31.775Z
hudakattan,https://www.amazon.com/shop/hudakattan,hudakattan,manual_seed,2026-01-19T19:58:31.775Z
nikkibrows,https://www.amazon.com/shop/nikkibrows,nikkibrows,manual_seed,2026-01-19T19:58:31.775Z
mkbhd,https://www.amazon.com/shop/mkbhd,mkbhd,manual_seed,2026-01-19T19:58:31.775Z
ijustine,https://www.amazon.com/shop/ijustine,ijustine,manual_seed,2026-01-19T19:58:31.775Z
austinevans,https://www.amazon.com/shop/austinevans,austinevans,manual_seed,2026-01-19T19:58:31.775Z
unsolicited_dave,https://www.amazon.com/shop/unsolicited_dave,unsolicited_dave,manual_seed,2026-01-19T19:58:31.775Z
jenna.phipps,https://www.amazon.com/shop/jenna.phipps,jenna.phipps,manual_seed,2026-01-19T19:58:31.775Z
techgirl,https://www.amazon.com/shop/techgirl,techgirl,manual_seed,2026-01-19T19:58:31.775Z
theeverygirl,https://www.amazon.com/shop/theeverygirl,theeverygirl,manual_seed,2026-01-19T19:58:31.775Z
theverge,https://www.amazon.com/shop/theverge,theverge,manual_seed,2026-01-19T19:58:31.775Z
daniaustin,https://www.amazon.com/shop/daniaustin,daniaustin,manual_seed,2026-01-19T19:58:31.775Z
rosielondoner,https://www.amazon.com/shop/rosielondoner,rosielondoner,manual_seed,2026-01-19T19:58:31.775Z
chalkboardnails,https://www.amazon.com/shop/chalkboardnails,chalkboardnails,manual_seed,2026-01-19T19:58:31.775Z
momsbestnetwork,https://www.amazon.com/shop/momsbestnetwork,momsbestnetwork,manual_seed,2026-01-19T19:58:31.775Z
mommasociety,https://www.amazon.com/shop/mommasociety,mommasociety,manual_seed,2026-01-19T19:58:31.775Z
motherhoodsimplified,https://www.amazon.com/shop/motherhoodsimplified,motherhoodsimplified,manual_seed,2026-01-19T19:58:31.775Z
momlife,https://www.amazon.com/shop/momlife,momlife,manual_seed,2026-01-19T19:58:31.775Z
busytoddler,https://www.amazon.com/shop/busytoddler,busytoddler,manual_seed,2026-01-19T19:58:31.775Z
biglittlefeelings,https://www.amazon.com/shop/biglittlefeelings,biglittlefeelings,manual_seed,2026-01-19T19:58:31.775Z
solidstarts,https://www.amazon.com/shop/solidstarts,solidstarts,manual_seed,2026-01-19T19:58:31.775Z
jerseyfamilyfun,https://www.amazon.com/shop/jerseyfamilyfun,jerseyfamilyfun,manual_seed,2026-01-19T19:58:31.775Z
motherlyco,https://www.amazon.com/shop/motherlyco,motherlyco,manual_seed,2026-01-19T19:58:31.775Z
whitneyysimmons,https://www.amazon.com/shop/whitneyysimmons,whitneyysimmons,manual_seed,2026-01-19T19:58:31.775Z
blogilates,https://www.amazon.com/shop/blogilates,blogilates,manual_seed,2026-01-19T19:58:31.775Z
katieaustin,https://www.amazon.com/shop/katieaustin,katieaustin,manual_seed,2026-01-19T19:58:31.775Z
sweatwithmk,https://www.amazon.com/shop/sweatwithmk,sweatwithmk,manual_seed,2026-01-19T19:58:31.775Z
yogawithadriene,https://www.amazon.com/shop/yogawithadriene,yogawithadriene,manual_seed,2026-01-19T19:58:31.775Z
julianmichaels,https://www.amazon.com/shop/julianmichaels,julianmichaels,manual_seed,2026-01-19T19:58:31.775Z
jessslivingfit,https://www.amazon.com/shop/jessslivingfit,jessslivingfit,manual_seed,2026-01-19T19:58:31.775Z
nutritionnerd,https://www.amazon.com/shop/nutritionnerd,nutritionnerd,manual_seed,2026-01-19T19:58:31.775Z
halfbakedharvest,https://www.amazon.com/shop/halfbakedharvest,halfbakedharvest,manual_seed,2026-01-19T19:58:31.775Z
minimalistbaker,https://www.amazon.com/shop/minimalistbaker,minimalistbaker,manual_seed,2026-01-19T19:58:31.775Z
bonappetit,https://www.amazon.com/shop/bonappetit,bonappetit,manual_seed,2026-01-19T19:58:31.775Z
foodnetwork,https://www.amazon.com/shop/foodnetwork,foodnetwork,manual_seed,2026-01-19T19:58:31.775Z
budgetbytes,https://www.amazon.com/shop/budgetbytes,budgetbytes,manual_seed,2026-01-19T19:58:31.775Z
delish,https://www.amazon.com/shop/delish,delish,manual_seed,2026-01-19T19:58:31.775Z
tastemade,https://www.amazon.com/shop/tastemade,tastemade,manual_seed,2026-01-19T19:58:31.775Z
feelgoodfoodie,https://www.amazon.com/shop/feelgoodfoodie,feelgoodfoodie,manual_seed,2026-01-19T19:58:31.775Z
thedogist,https://www.amazon.com/shop/thedogist,thedogist,manual_seed,2026-01-19T19:58:31.775Z
dogumentary,https://www.amazon.com/shop/dogumentary,dogumentary,manual_seed,2026-01-19T19:58:31.775Z
myfavoritemurder,https://www.amazon.com/shop/myfavoritemurder,myfavoritemurder,manual_seed,2026-01-19T19:58:31.775Z
kittenxlady,https://www.amazon.com/shop/kittenxlady,kittenxlady,manual_seed,2026-01-19T19:58:31.775Z
gypsea_lust,https://www.amazon.com/shop/gypsea_lust,gypsea_lust,manual_seed,2026-01-19T19:58:31.775Z
expertvagabond,https://www.amazon.com/shop/expertvagabond,expertvagabond,manual_seed,2026-01-19T19:58:31.775Z
theblondeabroad,https://www.amazon.com/shop/theblondeabroad,theblondeabroad,manual_seed,2026-01-19T19:58:31.775Z
helloemmaa,https://www.amazon.com/shop/helloemmaa,helloemmaa,manual_seed,2026-01-19T19:58:31.775Z
ariellesays,https://www.amazon.com/shop/ariellesays,ariellesays,manual_seed,2026-01-19T19:58:31.775Z
craftgawker,https://www.amazon.com/shop/craftgawker,craftgawker,manual_seed,2026-01-19T19:58:31.775Z
diynetwork,https://www.amazon.com/shop/diynetwork,diynetwork,manual_seed,2026-01-19T19:58:31.775Z
homeright,https://www.amazon.com/shop/homeright,homeright,manual_seed,2026-01-19T19:58:31.775Z
theskimm,https://www.amazon.com/shop/theskimm,theskimm,manual_seed,2026-01-19T19:58:31.775Z
refinery29,https://www.amazon.com/shop/refinery29,refinery29,manual_seed,2026-01-19T19:58:31.775Z
thecut,https://www.amazon.com/shop/thecut,thecut,manual_seed,2026-01-19T19:58:31.775Z
buzzfeed,https://www.amazon.com/shop/buzzfeed,buzzfeed,manual_seed,2026-01-19T19:58:31.775Z
cosmopolitan,https://www.amazon.com/shop/cosmopolitan,cosmopolitan,manual_seed,2026-01-19T19:58:31.775Z
popsugar,https://www.amazon.com/shop/popsugar,popsugar,manual_seed,2026-01-19T19:58:31.775Z
whowhatwear,https://www.amazon.com/shop/whowhatwear,whowhatwear,manual_seed,2026-01-19T19:58:31.775Z
theeverygirlmedia,https://www.amazon.com/shop/theeverygirlmedia,theeverygirlmedia,manual_seed,2026-01-19T19:58:31.775Z
lianaboone,https://www.amazon.com/shop/lianaboone,lianaboone,manual_seed,2026-01-19T19:58:31.775Z
kendieveryday,https://www.amazon.com/shop/kendieveryday,kendieveryday,manual_seed,2026-01-19T19:58:31.775Z
oliviarink,https://www.amazon.com/shop/oliviarink,oliviarink,manual_seed,2026-01-19T19:58:31.775Z
courtneygrow,https://www.amazon.com/shop/courtneygrow,courtneygrow,manual_seed,2026-01-19T19:58:31.775Z
laurabeverlin,https://www.amazon.com/shop/laurabeverlin,laurabeverlin,manual_seed,2026-01-19T19:58:31.775Z
brightonbutler,https://www.amazon.com/shop/brightonbutler,brightonbutler,manual_seed,2026-01-19T19:58:31.775Z
katehudsonpretty,https://www.amazon.com/shop/katehudsonpretty,katehudsonpretty,manual_seed,2026-01-19T19:58:31.775Z
melissafrusco,https://www.amazon.com/shop/melissafrusco,melissafrusco,manual_seed,2026-01-19T19:58:31.775Z
michelletakeaim,https://www.amazon.com/shop/michelletakeaim,michelletakeaim,manual_seed,2026-01-19T19:58:31.775Z
sarahtracey,https://www.amazon.com/shop/sarahtracey,sarahtracey,manual_seed,2026-01-19T19:58:31.775Z
chelseyraeeee,https://www.amazon.com/shop/chelseyraeeee,chelseyraeeee,manual_seed,2026-01-19T19:58:31.775Z
jessicawang,https://www.amazon.com/shop/jessicawang,jessicawang,manual_seed,2026-01-19T19:58:31.775Z
thebachelorbabe,https://www.amazon.com/shop/thebachelorbabe,thebachelorbabe,manual_seed,2026-01-19T19:58:31.775Z
lifewithemilya,https://www.amazon.com/shop/lifewithemilya,lifewithemilya,manual_seed,2026-01-19T19:58:31.775Z
lynzyandco,https://www.amazon.com/shop/lynzyandco,lynzyandco,manual_seed,2026-01-19T19:58:31.775Z
dressmeprettystyle,https://www.amazon.com/shop/dressmeprettystyle,dressmeprettystyle,manual_seed,2026-01-19T19:58:31.775Z
jenniferxlauren,https://www.amazon.com/shop/jenniferxlauren,jenniferxlauren,manual_seed,2026-01-19T19:58:31.775Z
puttingmetogether,https://www.amazon.com/shop/puttingmetogether,puttingmetogether,manual_seed,2026-01-19T19:58:31.775Z
ashleymeyerdesigns,https://www.amazon.com/shop/ashleymeyerdesigns,ashleymeyerdesigns,manual_seed,2026-01-19T19:58:31.775Z
lovelyuckylife,https://www.amazon.com/shop/lovelyuckylife,lovelyuckylife,manual_seed,2026-01-19T19:58:31.775Z
prettyinthepines,https://www.amazon.com/shop/prettyinthepines,prettyinthepines,manual_seed,2026-01-19T19:58:31.775Z
kateymcfarlan,https://www.amazon.com/shop/kateymcfarlan,kateymcfarlan,manual_seed,2026-01-19T19:58:31.775Z
caraloren,https://www.amazon.com/shop/caraloren,caraloren,manual_seed,2026-01-19T19:58:31.775Z
pinteresting,https://www.amazon.com/shop/pinteresting,pinteresting,manual_seed,2026-01-19T19:58:31.775Z
amandaholdendesign,https://www.amazon.com/shop/amandaholdendesign,amandaholdendesign,manual_seed,2026-01-19T19:58:31.775Z
modernglam,https://www.amazon.com/shop/modernglam,modernglam,manual_seed,2026-01-19T19:58:31.775Z
liketoknowit,https://www.amazon.com/shop/liketoknowit,liketoknowit,manual_seed,2026-01-19T19:58:31.775Z
ltk,https://www.amazon.com/shop/ltk,ltk,manual_seed,2026-01-19T19:58:31.775Z
shopltk,https://www.amazon.com/shop/shopltk,shopltk,manual_seed,2026-01-19T19:58:31.775Z
rewardstyle,https://www.amazon.com/shop/rewardstyle,rewardstyle,manual_seed,2026-01-19T19:58:31.775Z
liketoknow.it,https://www.amazon.com/shop/liketoknow.it,liketoknow.it,manual_seed,2026-01-19T19:58:31.775Z
cellajaneblog,https://www.amazon.com/shop/cellajaneblog,cellajaneblog,manual_seed,2026-01-19T19:58:31.775Z
paudictado,https://www.amazon.com/shop/paudictado,paudictado,manual_seed,2026-01-19T19:58:31.775Z
thebirdspapaya,https://www.amazon.com/shop/thebirdspapaya,thebirdspapaya,manual_seed,2026-01-19T19:58:31.775Z
hannahbronfman,https://www.amazon.com/shop/hannahbronfman,hannahbronfman,manual_seed,2026-01-19T19:58:31.775Z
chelseykauai,https://www.amazon.com/shop/chelseykauai,chelseykauai,manual_seed,2026-01-19T19:58:31.775Z
chloedigital,https://www.amazon.com/shop/chloedigital,chloedigital,manual_seed,2026-01-19T19:58:31.775Z
loverlygrey,https://www.amazon.com/shop/loverlygrey,loverlygrey,manual_seed,2026-01-19T19:58:31.775Z
alexlauren,https://www.amazon.com/shop/alexlauren,alexlauren,manual_seed,2026-01-19T19:58:31.775Z
whitelanedecor,https://www.amazon.com/shop/whitelanedecor,whitelanedecor,manual_seed,2026-01-19T19:58:31.775Z
cocobassey,https://www.amazon.com/shop/cocobassey,cocobassey,manual_seed,2026-01-19T19:58:31.775Z
munaluchibride,https://www.amazon.com/shop/munaluchibride,munaluchibride,manual_seed,2026-01-19T19:58:31.775Z
naomigaines,https://www.amazon.com/shop/naomigaines,naomigaines,manual_seed,2026-01-19T19:58:31.775Z
chelseashaverr,https://www.amazon.com/shop/chelseashaverr,chelseashaverr,manual_seed,2026-01-19T19:58:31.775Z
mackenziehoran,https://www.amazon.com/shop/mackenziehoran,mackenziehoran,manual_seed,2026-01-19T19:58:31.775Z
taylorcrawford,https://www.amazon.com/shop/taylorcrawford,taylorcrawford,manual_seed,2026-01-19T19:58:31.775Z
shelbykroencke,https://www.amazon.com/shop/shelbykroencke,shelbykroencke,manual_seed,2026-01-19T19:58:31.775Z
crystalinmarie,https://www.amazon.com/shop/crystalinmarie,crystalinmarie,manual_seed,2026-01-19T19:58:31.775Z
maryorton,https://www.amazon.com/shop/maryorton,maryorton,manual_seed,2026-01-19T19:58:31.775Z
kellyinthecity,https://www.amazon.com/shop/kellyinthecity,kellyinthecity,manual_seed,2026-01-19T19:58:31.775Z
justbecauseblog,https://www.amazon.com/shop/justbecauseblog,justbecauseblog,manual_seed,2026-01-19T19:58:31.775Z
thegoldengirlblog,https://www.amazon.com/shop/thegoldengirlblog,thegoldengirlblog,manual_seed,2026-01-19T19:58:31.775Z
thetartan,https://www.amazon.com/shop/thetartan,thetartan,manual_seed,2026-01-19T19:58:31.775Z
kateymcfarland,https://www.amazon.com/shop/kateymcfarland,kateymcfarland,manual_seed,2026-01-19T19:58:31.775Z
southerncurlsandpearls,https://www.amazon.com/shop/southerncurlsandpearls,southerncurlsandpearls,manual_seed,2026-01-19T19:58:31.775Z
heymadinelson,https://www.amazon.com/shop/heymadinelson,heymadinelson,manual_seed,2026-01-19T19:58:31.775Z
thefoxandshe,https://www.amazon.com/shop/thefoxandshe,thefoxandshe,manual_seed,2026-01-19T19:58:31.775Z
jennifermarked,https://www.amazon.com/shop/jennifermarked,jennifermarked,manual_seed,2026-01-19T19:58:31.775Z
thejennkim,https://www.amazon.com/shop/thejennkim,thejennkim,manual_seed,2026-01-19T19:58:31.775Z
courtneyreed,https://www.amazon.com/shop/courtneyreed,courtneyreed,manual_seed,2026-01-19T19:58:31.775Z
allieginz,https://www.amazon.com/shop/allieginz,allieginz,manual_seed,2026-01-19T19:58:31.775Z
gemmaatkinson,https://www.amazon.com/shop/gemmaatkinson,gemmaatkinson,manual_seed,2026-01-19T19:58:31.775Z
zoella,https://www.amazon.com/shop/zoella,zoella,manual_seed,2026-01-19T19:58:31.775Z
tannermarks,https://www.amazon.com/shop/tannermarks,tannermarks,manual_seed,2026-01-19T19:58:31.775Z
lucyhale,https://www.amazon.com/shop/lucyhale,lucyhale,manual_seed,2026-01-19T19:58:31.775Z
emmahill,https://www.amazon.com/shop/emmahill,emmahill,manual_seed,2026-01-19T19:58:31.775Z
jademunster,https://www.amazon.com/shop/jademunster,jademunster,manual_seed,2026-01-19T19:58:31.775Z
fashionmumblr,https://www.amazon.com/shop/fashionmumblr,fashionmumblr,manual_seed,2026-01-19T19:58:31.775Z
inthefrow,https://www.amazon.com/shop/inthefrow,inthefrow,manual_seed,2026-01-19T19:58:31.775Z
victoriamgrd,https://www.amazon.com/shop/victoriamgrd,victoriamgrd,manual_seed,2026-01-19T19:58:31.775Z
lydiaemillen,https://www.amazon.com/shop/lydiaemillen,lydiaemillen,manual_seed,2026-01-19T19:58:31.775Z
theannareldit,https://www.amazon.com/shop/theannareldit,theannareldit,manual_seed,2026-01-19T19:58:31.775Z
mimiikonn,https://www.amazon.com/shop/mimiikonn,mimiikonn,manual_seed,2026-01-19T19:58:31.775Z
plantkween,https://www.amazon.com/shop/plantkween,plantkween,manual_seed,2026-01-19T19:58:31.775Z
plantiful,https://www.amazon.com/shop/plantiful,plantiful,manual_seed,2026-01-19T19:58:31.775Z
thesill,https://www.amazon.com/shop/thesill,thesill,manual_seed,2026-01-19T19:58:31.775Z
bloomscape,https://www.amazon.com/shop/bloomscape,bloomscape,manual_seed,2026-01-19T19:58:31.775Z
cleanmama,https://www.amazon.com/shop/cleanmama,cleanmama,manual_seed,2026-01-19T19:58:31.775Z
gocleanco,https://www.amazon.com/shop/gocleanco,gocleanco,manual_seed,2026-01-19T19:58:31.775Z
tidybydawn,https://www.amazon.com/shop/tidybydawn,tidybydawn,manual_seed,2026-01-19T19:58:31.775Z
neatmethod,https://www.amazon.com/shop/neatmethod,neatmethod,manual_seed,2026-01-19T19:58:31.775Z
organizingevolved,https://www.amazon.com/shop/organizingevolved,organizingevolved,manual_seed,2026-01-19T19:58:31.775Z
sprucedhome,https://www.amazon.com/shop/sprucedhome,sprucedhome,manual_seed,2026-01-19T19:58:31.775Z
iheartorganizing,https://www.amazon.com/shop/iheartorganizing,iheartorganizing,manual_seed,2026-01-19T19:58:31.775Z
sortedstyle,https://www.amazon.com/shop/sortedstyle,sortedstyle,manual_seed,2026-01-19T19:58:31.775Z
influencer-a1234567,https://www.amazon.com/shop/influencer-a1234567,influencer-a1234567,manual_seed,2026-01-19T19:58:31.775Z
influencer-b2345678,https://www.amazon.com/shop/influencer-b2345678,influencer-b2345678,manual_seed,2026-01-19T19:58:31.775Z
influencer-c3456789,https://www.amazon.com/shop/influencer-c3456789,influencer-c3456789,manual_seed,2026-01-19T19:58:31.775Z
influencer-d4567890,https://www.amazon.com/shop/influencer-d4567890,influencer-d4567890,manual_seed,2026-01-19T19:58:31.775Z
influencer-e5678901,https://www.amazon.com/shop/influencer-e5678901,influencer-e5678901,manual_seed,2026-01-19T19:58:31.775Z
influencer-f6789012,https://www.amazon.com/shop/influencer-f6789012,influencer-f6789012,manual_seed,2026-01-19T19:58:31.775Z
influencer-123abc45,https://www.amazon.com/shop/influencer-123abc45,influencer-123abc45,manual_seed,2026-01-19T19:58:31.775Z
influencer-456def78,https://www.amazon.com/shop/influencer-456def78,influencer-456def78,manual_seed,2026-01-19T19:58:31.775Z
influencer-789ghi01,https://www.amazon.com/shop/influencer-789ghi01,influencer-789ghi01,manual_seed,2026-01-19T19:58:31.775Z
sarahflint,https://www.amazon.com/shop/sarahflint,sarahflint,manual_seed,2026-01-19T19:59:19.629Z
caitlincovington,https://www.amazon.com/shop/caitlincovington,caitlincovington,manual_seed,2026-01-19T19:59:19.629Z
brightontheday,https://www.amazon.com/shop/brightontheday,brightontheday,manual_seed,2026-01-19T19:59:19.629Z
kellyinnyc,https://www.amazon.com/shop/kellyinnyc,kellyinnyc,manual_seed,2026-01-19T19:59:19.629Z
kellylknight,https://www.amazon.com/shop/kellylknight,kellylknight,manual_seed,2026-01-19T19:59:19.629Z
morganstylized,https://www.amazon.com/shop/morganstylized,morganstylized,manual_seed,2026-01-19T19:59:19.629Z
livvyland,https://www.amazon.com/shop/livvyland,livvyland,manual_seed,2026-01-19T19:59:19.629Z
themilleraffect,https://www.amazon.com/shop/themilleraffect,themilleraffect,manual_seed,2026-01-19T19:59:19.629Z
stylebyausten,https://www.amazon.com/shop/stylebyausten,stylebyausten,manual_seed,2026-01-19T19:59:19.629Z
elizahjames,https://www.amazon.com/shop/elizahjames,elizahjames,manual_seed,2026-01-19T19:59:19.629Z
acolorstory,https://www.amazon.com/shop/acolorstory,acolorstory,manual_seed,2026-01-19T19:59:19.629Z
styledbyfaith,https://www.amazon.com/shop/styledbyfaith,styledbyfaith,manual_seed,2026-01-19T19:59:19.629Z
southernbelles,https://www.amazon.com/shop/southernbelles,southernbelles,manual_seed,2026-01-19T19:59:19.629Z
seersucker,https://www.amazon.com/shop/seersucker,seersucker,manual_seed,2026-01-19T19:59:19.629Z
prepobsessed,https://www.amazon.com/shop/prepobsessed,prepobsessed,manual_seed,2026-01-19T19:59:19.629Z
loverlygreyco,https://www.amazon.com/shop/loverlygreyco,loverlygreyco,manual_seed,2026-01-19T19:59:19.629Z
studiomcgee,https://www.amazon.com/shop/studiomcgee,studiomcgee,manual_seed,2026-01-19T19:59:19.629Z
younghouselove,https://www.amazon.com/shop/younghouselove,younghouselove,manual_seed,2026-01-19T19:59:19.629Z
makinghomebase,https://www.amazon.com/shop/makinghomebase,makinghomebase,manual_seed,2026-01-19T19:59:19.629Z
designsponge,https://www.amazon.com/shop/designsponge,designsponge,manual_seed,2026-01-19T19:59:19.629Z
apartmenttherapy,https://www.amazon.com/shop/apartmenttherapy,apartmenttherapy,manual_seed,2026-01-19T19:59:19.629Z
domainehome,https://www.amazon.com/shop/domainehome,domainehome,manual_seed,2026-01-19T19:59:19.629Z
myhouseteenylearnlove,https://www.amazon.com/shop/myhouseteenylearnlove,myhouseteenylearnlove,manual_seed,2026-01-19T19:59:19.629Z
remodelingallday,https://www.amazon.com/shop/remodelingallday,remodelingallday,manual_seed,2026-01-19T19:59:19.629Z
thehousethatjillbuilt,https://www.amazon.com/shop/thehousethatjillbuilt,thehousethatjillbuilt,manual_seed,2026-01-19T19:59:19.629Z
sarahshermansamuel,https://www.amazon.com/shop/sarahshermansamuel,sarahshermansamuel,manual_seed,2026-01-19T19:59:19.629Z
amberinteriors,https://www.amazon.com/shop/amberinteriors,amberinteriors,manual_seed,2026-01-19T19:59:19.629Z
ginny.macdonald,https://www.amazon.com/shop/ginny.macdonald,ginny.macdonald,manual_seed,2026-01-19T19:59:19.629Z
clairezinnecker,https://www.amazon.com/shop/clairezinnecker,clairezinnecker,manual_seed,2026-01-19T19:59:19.629Z
cottagefarm,https://www.amazon.com/shop/cottagefarm,cottagefarm,manual_seed,2026-01-19T19:59:19.629Z
southernfarmhouse,https://www.amazon.com/shop/southernfarmhouse,southernfarmhouse,manual_seed,2026-01-19T19:59:19.629Z
modernfarmhousefam,https://www.amazon.com/shop/modernfarmhousefam,modernfarmhousefam,manual_seed,2026-01-19T19:59:19.629Z
thefarmhousechick,https://www.amazon.com/shop/thefarmhousechick,thefarmhousechick,manual_seed,2026-01-19T19:59:19.629Z
farmhousefixer,https://www.amazon.com/shop/farmhousefixer,farmhousefixer,manual_seed,2026-01-19T19:59:19.629Z
fixeruppershow,https://www.amazon.com/shop/fixeruppershow,fixeruppershow,manual_seed,2026-01-19T19:59:19.629Z
magnolia,https://www.amazon.com/shop/magnolia,magnolia,manual_seed,2026-01-19T19:59:19.629Z
chippergaines,https://www.amazon.com/shop/chippergaines,chippergaines,manual_seed,2026-01-19T19:59:19.629Z
joannagaines,https://www.amazon.com/shop/joannagaines,joannagaines,manual_seed,2026-01-19T19:59:19.629Z
magnoliatable,https://www.amazon.com/shop/magnoliatable,magnoliatable,manual_seed,2026-01-19T19:59:19.629Z
silodistrict,https://www.amazon.com/shop/silodistrict,silodistrict,manual_seed,2026-01-19T19:59:19.629Z
blanknyc,https://www.amazon.com/shop/blanknyc,blanknyc,manual_seed,2026-01-19T19:59:19.629Z
showmeyourmumu,https://www.amazon.com/shop/showmeyourmumu,showmeyourmumu,manual_seed,2026-01-19T19:59:19.629Z
freepeople,https://www.amazon.com/shop/freepeople,freepeople,manual_seed,2026-01-19T19:59:19.629Z
anthropologie,https://www.amazon.com/shop/anthropologie,anthropologie,manual_seed,2026-01-19T19:59:19.629Z
lulus,https://www.amazon.com/shop/lulus,lulus,manual_seed,2026-01-19T19:59:19.629Z
nordstrom,https://www.amazon.com/shop/nordstrom,nordstrom,manual_seed,2026-01-19T19:59:19.629Z
shopbop,https://www.amazon.com/shop/shopbop,shopbop,manual_seed,2026-01-19T19:59:19.629Z
revolve,https://www.amazon.com/shop/revolve,revolve,manual_seed,2026-01-19T19:59:19.629Z
asos,https://www.amazon.com/shop/asos,asos,manual_seed,2026-01-19T19:59:19.629Z
showpo,https://www.amazon.com/shop/showpo,showpo,manual_seed,2026-01-19T19:59:19.629Z
princess.polly,https://www.amazon.com/shop/princess.polly,princess.polly,manual_seed,2026-01-19T19:59:19.629Z
shein,https://www.amazon.com/shop/shein,shein,manual_seed,2026-01-19T19:59:19.629Z
zaful,https://www.amazon.com/shop/zaful,zaful,manual_seed,2026-01-19T19:59:19.629Z
boohoo,https://www.amazon.com/shop/boohoo,boohoo,manual_seed,2026-01-19T19:59:19.629Z
prettylittlething,https://www.amazon.com/shop/prettylittlething,prettylittlething,manual_seed,2026-01-19T19:59:19.629Z
missguided,https://www.amazon.com/shop/missguided,missguided,manual_seed,2026-01-19T19:59:19.629Z
nakedwardrobe,https://www.amazon.com/shop/nakedwardrobe,nakedwardrobe,manual_seed,2026-01-19T19:59:19.629Z
fashionnova,https://www.amazon.com/shop/fashionnova,fashionnova,manual_seed,2026-01-19T19:59:19.629Z
summerbodieee,https://www.amazon.com/shop/summerbodieee,summerbodieee,manual_seed,2026-01-19T19:59:19.629Z
hotgirlsummer,https://www.amazon.com/shop/hotgirlsummer,hotgirlsummer,manual_seed,2026-01-19T19:59:19.629Z
summerstyle,https://www.amazon.com/shop/summerstyle,summerstyle,manual_seed,2026-01-19T19:59:19.629Z
beachbabe,https://www.amazon.com/shop/beachbabe,beachbabe,manual_seed,2026-01-19T19:59:19.629Z
techlinked,https://www.amazon.com/shop/techlinked,techlinked,manual_seed,2026-01-19T19:59:19.629Z
linus,https://www.amazon.com/shop/linus,linus,manual_seed,2026-01-19T19:59:19.629Z
unboxtherapy,https://www.amazon.com/shop/unboxtherapy,unboxtherapy,manual_seed,2026-01-19T19:59:19.629Z
mrwhosetheboss,https://www.amazon.com/shop/mrwhosetheboss,mrwhosetheboss,manual_seed,2026-01-19T19:59:19.629Z
everythingapplepro,https://www.amazon.com/shop/everythingapplepro,everythingapplepro,manual_seed,2026-01-19T19:59:19.629Z
supraf,https://www.amazon.com/shop/supraf,supraf,manual_seed,2026-01-19T19:59:19.629Z
dave2d,https://www.amazon.com/shop/dave2d,dave2d,manual_seed,2026-01-19T19:59:19.629Z
shortcircuit,https://www.amazon.com/shop/shortcircuit,shortcircuit,manual_seed,2026-01-19T19:59:19.629Z
hardwarecanucks,https://www.amazon.com/shop/hardwarecanucks,hardwarecanucks,manual_seed,2026-01-19T19:59:19.629Z
bitwit,https://www.amazon.com/shop/bitwit,bitwit,manual_seed,2026-01-19T19:59:19.629Z
jayztwocents,https://www.amazon.com/shop/jayztwocents,jayztwocents,manual_seed,2026-01-19T19:59:19.629Z
gamernexus,https://www.amazon.com/shop/gamernexus,gamernexus,manual_seed,2026-01-19T19:59:19.629Z
techsource,https://www.amazon.com/shop/techsource,techsource,manual_seed,2026-01-19T19:59:19.629Z
randomfrankp,https://www.amazon.com/shop/randomfrankp,randomfrankp,manual_seed,2026-01-19T19:59:19.629Z
setup.wars,https://www.amazon.com/shop/setup.wars,setup.wars,manual_seed,2026-01-19T19:59:19.629Z
techflow,https://www.amazon.com/shop/techflow,techflow,manual_seed,2026-01-19T19:59:19.629Z
scarymerrymom,https://www.amazon.com/shop/scarymerrymom,scarymerrymom,manual_seed,2026-01-19T19:59:19.629Z
motherhoodinstyle,https://www.amazon.com/shop/motherhoodinstyle,motherhoodinstyle,manual_seed,2026-01-19T19:59:19.629Z
mamainstinct,https://www.amazon.com/shop/mamainstinct,mamainstinct,manual_seed,2026-01-19T19:59:19.629Z
momconfessional,https://www.amazon.com/shop/momconfessional,momconfessional,manual_seed,2026-01-19T19:59:19.629Z
takingcarababies,https://www.amazon.com/shop/takingcarababies,takingcarababies,manual_seed,2026-01-19T19:59:19.629Z
drharveykarp,https://www.amazon.com/shop/drharveykarp,drharveykarp,manual_seed,2026-01-19T19:59:19.629Z
happiestbaby,https://www.amazon.com/shop/happiestbaby,happiestbaby,manual_seed,2026-01-19T19:59:19.629Z
babycenter,https://www.amazon.com/shop/babycenter,babycenter,manual_seed,2026-01-19T19:59:19.629Z
whattoexpect,https://www.amazon.com/shop/whattoexpect,whattoexpect,manual_seed,2026-01-19T19:59:19.629Z
thebump,https://www.amazon.com/shop/thebump,thebump,manual_seed,2026-01-19T19:59:19.629Z
parents,https://www.amazon.com/shop/parents,parents,manual_seed,2026-01-19T19:59:19.629Z
romper,https://www.amazon.com/shop/romper,romper,manual_seed,2026-01-19T19:59:19.629Z
mothermag,https://www.amazon.com/shop/mothermag,mothermag,manual_seed,2026-01-19T19:59:19.629Z
cupofjo,https://www.amazon.com/shop/cupofjo,cupofjo,manual_seed,2026-01-19T19:59:19.629Z
abeautifulmess,https://www.amazon.com/shop/abeautifulmess,abeautifulmess,manual_seed,2026-01-19T19:59:19.629Z
ohjoy,https://www.amazon.com/shop/ohjoy,ohjoy,manual_seed,2026-01-19T19:59:19.629Z
emilyskyefit,https://www.amazon.com/shop/emilyskyefit,emilyskyefit,manual_seed,2026-01-19T19:59:19.629Z
mikiygalrani,https://www.amazon.com/shop/mikiygalrani,mikiygalrani,manual_seed,2026-01-19T19:59:19.629Z
tammy.hembrow,https://www.amazon.com/shop/tammy.hembrow,tammy.hembrow,manual_seed,2026-01-19T19:59:19.629Z
hopescope,https://www.amazon.com/shop/hopescope,hopescope,manual_seed,2026-01-19T19:59:19.629Z
steph_fit_,https://www.amazon.com/shop/steph_fit_,steph_fit_,manual_seed,2026-01-19T19:59:19.629Z
gymshark,https://www.amazon.com/shop/gymshark,gymshark,manual_seed,2026-01-19T19:59:19.629Z
lululemon,https://www.amazon.com/shop/lululemon,lululemon,manual_seed,2026-01-19T19:59:19.629Z
outdoorvoices,https://www.amazon.com/shop/outdoorvoices,outdoorvoices,manual_seed,2026-01-19T19:59:19.629Z
aloyoga,https://www.amazon.com/shop/aloyoga,aloyoga,manual_seed,2026-01-19T19:59:19.629Z
beachbody,https://www.amazon.com/shop/beachbody,beachbody,manual_seed,2026-01-19T19:59:19.629Z
p90x,https://www.amazon.com/shop/p90x,p90x,manual_seed,2026-01-19T19:59:19.629Z
insanity,https://www.amazon.com/shop/insanity,insanity,manual_seed,2026-01-19T19:59:19.629Z
bodyboss,https://www.amazon.com/shop/bodyboss,bodyboss,manual_seed,2026-01-19T19:59:19.629Z
bbg,https://www.amazon.com/shop/bbg,bbg,manual_seed,2026-01-19T19:59:19.629Z
kaylaitsines,https://www.amazon.com/shop/kaylaitsines,kaylaitsines,manual_seed,2026-01-19T19:59:19.629Z
sweatapp,https://www.amazon.com/shop/sweatapp,sweatapp,manual_seed,2026-01-19T19:59:19.629Z
tieghangerard,https://www.amazon.com/shop/tieghangerard,tieghangerard,manual_seed,2026-01-19T19:59:19.629Z
skinnytaste,https://www.amazon.com/shop/skinnytaste,skinnytaste,manual_seed,2026-01-19T19:59:19.629Z
seriouseats,https://www.amazon.com/shop/seriouseats,seriouseats,manual_seed,2026-01-19T19:59:19.629Z
thepioneerwoman,https://www.amazon.com/shop/thepioneerwoman,thepioneerwoman,manual_seed,2026-01-19T19:59:19.629Z
barefoot.contessa,https://www.amazon.com/shop/barefoot.contessa,barefoot.contessa,manual_seed,2026-01-19T19:59:19.629Z
inagarten,https://www.amazon.com/shop/inagarten,inagarten,manual_seed,2026-01-19T19:59:19.629Z
chrissyteigen,https://www.amazon.com/shop/chrissyteigen,chrissyteigen,manual_seed,2026-01-19T19:59:19.629Z
cravingsbycteigen,https://www.amazon.com/shop/cravingsbycteigen,cravingsbycteigen,manual_seed,2026-01-19T19:59:19.629Z
altonbrown,https://www.amazon.com/shop/altonbrown,altonbrown,manual_seed,2026-01-19T19:59:19.629Z
gordonramsay,https://www.amazon.com/shop/gordonramsay,gordonramsay,manual_seed,2026-01-19T19:59:19.629Z
jamieoliver,https://www.amazon.com/shop/jamieoliver,jamieoliver,manual_seed,2026-01-19T19:59:19.629Z
sallybakingaddiction,https://www.amazon.com/shop/sallybakingaddiction,sallybakingaddiction,manual_seed,2026-01-19T19:59:19.629Z
preppy.kitchen,https://www.amazon.com/shop/preppy.kitchen,preppy.kitchen,manual_seed,2026-01-19T19:59:19.629Z
preppykitchen,https://www.amazon.com/shop/preppykitchen,preppykitchen,manual_seed,2026-01-19T19:59:19.629Z
joshuaweissman,https://www.amazon.com/shop/joshuaweissman,joshuaweissman,manual_seed,2026-01-19T19:59:19.629Z
babish,https://www.amazon.com/shop/babish,babish,manual_seed,2026-01-19T19:59:19.629Z
smittenkitchen,https://www.amazon.com/shop/smittenkitchen,smittenkitchen,manual_seed,2026-01-19T19:59:19.629Z
cookieandkate,https://www.amazon.com/shop/cookieandkate,cookieandkate,manual_seed,2026-01-19T19:59:19.629Z
ohsheglows,https://www.amazon.com/shop/ohsheglows,ohsheglows,manual_seed,2026-01-19T19:59:19.629Z
makeupbymario,https://www.amazon.com/shop/makeupbymario,makeupbymario,manual_seed,2026-01-19T19:59:19.629Z
violette_fr,https://www.amazon.com/shop/violette_fr,violette_fr,manual_seed,2026-01-19T19:59:19.629Z
lisaeldridge,https://www.amazon.com/shop/lisaeldridge,lisaeldridge,manual_seed,2026-01-19T19:59:19.629Z
samchapman,https://www.amazon.com/shop/samchapman,samchapman,manual_seed,2026-01-19T19:59:19.629Z
pixiwoo,https://www.amazon.com/shop/pixiwoo,pixiwoo,manual_seed,2026-01-19T19:59:19.629Z
wayne_goss,https://www.amazon.com/shop/wayne_goss,wayne_goss,manual_seed,2026-01-19T19:59:19.629Z
gossmakeupartist,https://www.amazon.com/shop/gossmakeupartist,gossmakeupartist,manual_seed,2026-01-19T19:59:19.629Z
samandnic,https://www.amazon.com/shop/samandnic,samandnic,manual_seed,2026-01-19T19:59:19.629Z
beautyblender,https://www.amazon.com/shop/beautyblender,beautyblender,manual_seed,2026-01-19T19:59:19.629Z
morphebrushes,https://www.amazon.com/shop/morphebrushes,morphebrushes,manual_seed,2026-01-19T19:59:19.629Z
colourpop,https://www.amazon.com/shop/colourpop,colourpop,manual_seed,2026-01-19T19:59:19.629Z
juviasplace,https://www.amazon.com/shop/juviasplace,juviasplace,manual_seed,2026-01-19T19:59:19.629Z
fentybeauty,https://www.amazon.com/shop/fentybeauty,fentybeauty,manual_seed,2026-01-19T19:59:19.629Z
rihanna,https://www.amazon.com/shop/rihanna,rihanna,manual_seed,2026-01-19T19:59:19.629Z
kyliejenner,https://www.amazon.com/shop/kyliejenner,kyliejenner,manual_seed,2026-01-19T19:59:19.629Z
krisjenner,https://www.amazon.com/shop/krisjenner,krisjenner,manual_seed,2026-01-19T19:59:19.629Z
kimkardashian,https://www.amazon.com/shop/kimkardashian,kimkardashian,manual_seed,2026-01-19T19:59:19.629Z
skims,https://www.amazon.com/shop/skims,skims,manual_seed,2026-01-19T19:59:19.629Z
goodamerican,https://www.amazon.com/shop/goodamerican,goodamerican,manual_seed,2026-01-19T19:59:19.629Z
poosh,https://www.amazon.com/shop/poosh,poosh,manual_seed,2026-01-19T19:59:19.629Z
jiffpom,https://www.amazon.com/shop/jiffpom,jiffpom,manual_seed,2026-01-19T19:59:19.629Z
marniethedog,https://www.amazon.com/shop/marniethedog,marniethedog,manual_seed,2026-01-19T19:59:19.629Z
tunameltsmyheart,https://www.amazon.com/shop/tunameltsmyheart,tunameltsmyheart,manual_seed,2026-01-19T19:59:19.629Z
mensweardog,https://www.amazon.com/shop/mensweardog,mensweardog,manual_seed,2026-01-19T19:59:19.629Z
barkbox,https://www.amazon.com/shop/barkbox,barkbox,manual_seed,2026-01-19T19:59:19.629Z
barkshop,https://www.amazon.com/shop/barkshop,barkshop,manual_seed,2026-01-19T19:59:19.629Z
chewy,https://www.amazon.com/shop/chewy,chewy,manual_seed,2026-01-19T19:59:19.629Z
petco,https://www.amazon.com/shop/petco,petco,manual_seed,2026-01-19T19:59:19.629Z
petsmart,https://www.amazon.com/shop/petsmart,petsmart,manual_seed,2026-01-19T19:59:19.629Z
bringfido,https://www.amazon.com/shop/bringfido,bringfido,manual_seed,2026-01-19T19:59:19.629Z
dogvacay,https://www.amazon.com/shop/dogvacay,dogvacay,manual_seed,2026-01-19T19:59:19.629Z
rover,https://www.amazon.com/shop/rover,rover,manual_seed,2026-01-19T19:59:19.629Z
mrshinchhome,https://www.amazon.com/shop/mrshinchhome,mrshinchhome,manual_seed,2026-01-19T19:59:19.629Z
mrshinchs,https://www.amazon.com/shop/mrshinchs,mrshinchs,manual_seed,2026-01-19T19:59:19.629Z
cleanwithmission,https://www.amazon.com/shop/cleanwithmission,cleanwithmission,manual_seed,2026-01-19T19:59:19.629Z
cleaningarmy,https://www.amazon.com/shop/cleaningarmy,cleaningarmy,manual_seed,2026-01-19T19:59:19.629Z
professionalhomeorganizers,https://www.amazon.com/shop/professionalhomeorganizers,professionalhomeorganizers,manual_seed,2026-01-19T19:59:19.629Z
napodc,https://www.amazon.com/shop/napodc,napodc,manual_seed,2026-01-19T19:59:19.629Z
getorganized,https://www.amazon.com/shop/getorganized,getorganized,manual_seed,2026-01-19T19:59:19.629Z
containerstore,https://www.amazon.com/shop/containerstore,containerstore,manual_seed,2026-01-19T19:59:19.629Z
thehomeedit.home,https://www.amazon.com/shop/thehomeedit.home,thehomeedit.home,manual_seed,2026-01-19T19:59:19.629Z
organizingwithsteph,https://www.amazon.com/shop/organizingwithsteph,organizingwithsteph,manual_seed,2026-01-19T19:59:19.629Z
sortedfood,https://www.amazon.com/shop/sortedfood,sortedfood,manual_seed,2026-01-19T19:59:19.629Z
lovemaegan,https://www.amazon.com/shop/lovemaegan,lovemaegan,manual_seed,2026-01-19T19:59:19.629Z
studiodiy,https://www.amazon.com/shop/studiodiy,studiodiy,manual_seed,2026-01-19T19:59:19.629Z
sugarandcloth,https://www.amazon.com/shop/sugarandcloth,sugarandcloth,manual_seed,2026-01-19T19:59:19.629Z
ohcraft,https://www.amazon.com/shop/ohcraft,ohcraft,manual_seed,2026-01-19T19:59:19.629Z
damasklove,https://www.amazon.com/shop/damasklove,damasklove,manual_seed,2026-01-19T19:59:19.629Z
craftgossip,https://www.amazon.com/shop/craftgossip,craftgossip,manual_seed,2026-01-19T19:59:19.629Z
sewdiy,https://www.amazon.com/shop/sewdiy,sewdiy,manual_seed,2026-01-19T19:59:19.629Z
sewingparts,https://www.amazon.com/shop/sewingparts,sewingparts,manual_seed,2026-01-19T19:59:19.629Z
moodfabrics,https://www.amazon.com/shop/moodfabrics,moodfabrics,manual_seed,2026-01-19T19:59:19.629Z
joanns,https://www.amazon.com/shop/joanns,joanns,manual_seed,2026-01-19T19:59:19.629Z
michaels,https://www.amazon.com/shop/michaels,michaels,manual_seed,2026-01-19T19:59:19.629Z
muradosmann,https://www.amazon.com/shop/muradosmann,muradosmann,manual_seed,2026-01-19T19:59:19.629Z
chelseakauai,https://www.amazon.com/shop/chelseakauai,chelseakauai,manual_seed,2026-01-19T19:59:19.629Z
doyoutravel,https://www.amazon.com/shop/doyoutravel,doyoutravel,manual_seed,2026-01-19T19:59:19.629Z
leoniehanne,https://www.amazon.com/shop/leoniehanne,leoniehanne,manual_seed,2026-01-19T19:59:19.629Z
alexandralapp,https://www.amazon.com/shop/alexandralapp,alexandralapp,manual_seed,2026-01-19T19:59:19.629Z
fashionistable,https://www.amazon.com/shop/fashionistable,fashionistable,manual_seed,2026-01-19T19:59:19.629Z
nicolepham,https://www.amazon.com/shop/nicolepham,nicolepham,manual_seed,2026-01-19T19:59:19.629Z
jayalvarrez,https://www.amazon.com/shop/jayalvarrez,jayalvarrez,manual_seed,2026-01-19T19:59:19.629Z
alexisren,https://www.amazon.com/shop/alexisren,alexisren,manual_seed,2026-01-19T19:59:19.629Z
gabifresh,https://www.amazon.com/shop/gabifresh,gabifresh,manual_seed,2026-01-19T19:59:19.629Z
tessholiday,https://www.amazon.com/shop/tessholiday,tessholiday,manual_seed,2026-01-19T19:59:19.629Z
dailydeals,https://www.amazon.com/shop/dailydeals,dailydeals,manual_seed,2026-01-19T19:59:19.629Z
bestdeals,https://www.amazon.com/shop/bestdeals,bestdeals,manual_seed,2026-01-19T19:59:19.629Z
dealfinder,https://www.amazon.com/shop/dealfinder,dealfinder,manual_seed,2026-01-19T19:59:19.629Z
bargainhunter,https://www.amazon.com/shop/bargainhunter,bargainhunter,manual_seed,2026-01-19T19:59:19.629Z
shopsmarter,https://www.amazon.com/shop/shopsmarter,shopsmarter,manual_seed,2026-01-19T19:59:19.629Z
savingsqueen,https://www.amazon.com/shop/savingsqueen,savingsqueen,manual_seed,2026-01-19T19:59:19.629Z
frugalliving,https://www.amazon.com/shop/frugalliving,frugalliving,manual_seed,2026-01-19T19:59:19.629Z
budgetfriendly,https://www.amazon.com/shop/budgetfriendly,budgetfriendly,manual_seed,2026-01-19T19:59:19.629Z
affordablestyle,https://www.amazon.com/shop/affordablestyle,affordablestyle,manual_seed,2026-01-19T19:59:19.629Z
cheapfinds,https://www.amazon.com/shop/cheapfinds,cheapfinds,manual_seed,2026-01-19T19:59:19.629Z
amazonfinds,https://www.amazon.com/shop/amazonfinds,amazonfinds,manual_seed,2026-01-19T19:59:19.629Z
amazonfaves,https://www.amazon.com/shop/amazonfaves,amazonfaves,manual_seed,2026-01-19T19:59:19.629Z
amazondiscoveries,https://www.amazon.com/shop/amazondiscoveries,amazondiscoveries,manual_seed,2026-01-19T19:59:19.629Z
amazonhaul,https://www.amazon.com/shop/amazonhaul,amazonhaul,manual_seed,2026-01-19T19:59:19.629Z
amazonreviews,https://www.amazon.com/shop/amazonreviews,amazonreviews,manual_seed,2026-01-19T19:59:19.629Z
amazonpicks,https://www.amazon.com/shop/amazonpicks,amazonpicks,manual_seed,2026-01-19T19:59:19.629Z